#query_name	seed_eggNOG_ortholog	seed_ortholog_evalue	seed_ortholog_score	best_tax_level	Preferred_name	GOs	EC	KEGG_ko	KEGG_Pathway	KEGG_Module	KEGG_Reaction	KEGG_rclass	BRITE	KEGG_TC	CAZy	BiGG_Reaction	taxonomic scope	eggNOG OGs	best eggNOG OG	COG Functional cat.	eggNOG free text desc.
NODE_48_length_127315_cov_6.447800	335541.Swol_1240	1.1e-296	1031.6	Syntrophomonadaceae	yloB	GO:0005575,GO:0005623,GO:0005886,GO:0016020,GO:0044464,GO:0071944	3.6.3.8	ko:K01537					ko00000,ko01000	3.A.3.2		iYO844.BSU15650	Bacteria	1TPF5@1239,247JN@186801,42JMP@68298,COG0474@1,COG0474@2	NA|NA|NA	P	TIGRFAM ATPase, P-type (transporting), HAD superfamily, subfamily IC
NODE_71_length_114338_cov_6.794449	335541.Swol_0698	0.0	1199.9	Syntrophomonadaceae													Bacteria	1TPG1@1239,24BBE@186801,42KE9@68298,COG0247@1,COG0247@2,COG2181@1,COG2181@2	NA|NA|NA	C	Nitrate reductase gamma subunit
NODE_118_length_88409_cov_6.606832	335541.Swol_0440	0.0	1129.4	Syntrophomonadaceae			2.6.1.11,2.6.1.13,2.6.1.17,2.6.1.82	ko:K00819,ko:K00821,ko:K09251	ko00220,ko00300,ko00330,ko01100,ko01110,ko01120,ko01130,ko01210,ko01230,map00220,map00300,map00330,map01100,map01110,map01120,map01130,map01210,map01230	M00016,M00028,M00845	R00667,R01155,R02283,R04475	RC00006,RC00062	ko00000,ko00001,ko00002,ko01000,ko01007				Bacteria	1TP9S@1239,248C9@186801,42K9B@68298,COG4992@1,COG4992@2,COG5322@1,COG5322@2	NA|NA|NA	H	PFAM Aminotransferase class-III
NODE_258_length_62175_cov_6.522183	335541.Swol_1161	0.0	1277.3	Syntrophomonadaceae		GO:0005575,GO:0005576,GO:0005618,GO:0005623,GO:0005886,GO:0005887,GO:0016020,GO:0016021,GO:0030312,GO:0031224,GO:0031226,GO:0044425,GO:0044459,GO:0044464,GO:0071944		ko:K09118					ko00000				Bacteria	1TQHM@1239,248PM@186801,42JMJ@68298,COG1615@1,COG1615@2	NA|NA|NA	S	Uncharacterised protein family (UPF0182)
NODE_309_length_57332_cov_6.467518	335541.Swol_0895	0.0	1541.9	Syntrophomonadaceae	polC	GO:0005575,GO:0005622,GO:0005623,GO:0005737,GO:0044424,GO:0044464	2.7.7.7	ko:K02342,ko:K03763	ko00230,ko00240,ko01100,ko03030,ko03430,ko03440,map00230,map00240,map01100,map03030,map03430,map03440	M00260	R00375,R00376,R00377,R00378	RC02795	ko00000,ko00001,ko00002,ko01000,ko03032,ko03400				Bacteria	1TPAG@1239,248YB@186801,42KDM@68298,COG2176@1,COG2176@2	NA|NA|NA	L	Required for replicative DNA synthesis. This DNA polymerase also exhibits 3' to 5' exonuclease activity
NODE_331_length_55621_cov_6.457150	335541.Swol_0558	1.5e-266	930.2	Syntrophomonadaceae	oadA		2.1.3.1,2.3.1.12,4.1.1.3,6.4.1.1,6.4.1.7	ko:K00627,ko:K01571,ko:K01960,ko:K02160,ko:K03416,ko:K20140	ko00010,ko00020,ko00061,ko00620,ko00640,ko00720,ko01100,ko01110,ko01120,ko01130,ko01200,ko01212,ko01230,map00010,map00020,map00061,map00620,map00640,map00720,map01100,map01110,map01120,map01130,map01200,map01212,map01230	M00082,M00173,M00307,M00376,M00620	R00209,R00217,R00344,R00353,R00742,R00930,R02569	RC00004,RC00040,RC00097,RC00367,RC02742,RC02857	br01601,ko00000,ko00001,ko00002,ko01000,ko02000	3.B.1.1.1		iJN746.PP_5346	Bacteria	1VT8P@1239,247NZ@186801,42JKD@68298,COG0511@1,COG0511@2,COG5016@1,COG5016@2	NA|NA|NA	CI	Conserved carboxylase domain
NODE_338_length_54860_cov_6.802737	203119.Cthe_1205	9.5e-295	1023.8	Ruminococcaceae	prkA	GO:0003674,GO:0003824,GO:0004672,GO:0006464,GO:0006468,GO:0006793,GO:0006796,GO:0006807,GO:0006950,GO:0006995,GO:0007154,GO:0008150,GO:0008152,GO:0009267,GO:0009605,GO:0009987,GO:0009991,GO:0016301,GO:0016310,GO:0016740,GO:0016772,GO:0016773,GO:0019538,GO:0031667,GO:0031668,GO:0031669,GO:0033554,GO:0036211,GO:0042594,GO:0043170,GO:0043412,GO:0043562,GO:0044237,GO:0044238,GO:0044260,GO:0044267,GO:0050896,GO:0051716,GO:0071496,GO:0071704,GO:0140096,GO:1901564		ko:K07180					ko00000				Bacteria	1TRTW@1239,248GE@186801,3WGH1@541000,COG2766@1,COG2766@2	NA|NA|NA	T	PFAM PrkA AAA domain
NODE_445_length_47166_cov_6.752839	335541.Swol_1714	4.2e-275	958.4	Clostridia				ko:K02004		M00258			ko00000,ko00002,ko02000	3.A.1			Bacteria	1TPHU@1239,248RV@186801,COG0577@1,COG0577@2	NA|NA|NA	V	Efflux ABC transporter, permease protein
NODE_450_length_47060_cov_6.774832	335541.Swol_1512	0.0	1441.4	Syntrophomonadaceae	ppdK		2.7.3.13,2.7.9.1	ko:K01006,ko:K22424	ko00620,ko00710,ko00720,ko01100,ko01120,ko01200,map00620,map00710,map00720,map01100,map01120,map01200	M00169,M00171,M00172,M00173	R00206	RC00002,RC00015	ko00000,ko00001,ko00002,ko01000				Bacteria	1TPK8@1239,247RW@186801,42JNI@68298,COG0574@1,COG0574@2,COG1080@1,COG1080@2	NA|NA|NA	H	Belongs to the PEP-utilizing enzyme family
NODE_475_length_46016_cov_6.365745	138119.DSY0313	5.8e-261	911.4	Peptococcaceae	dsrK												Bacteria	1TSC1@1239,24B10@186801,260AF@186807,COG0247@1,COG0247@2	NA|NA|NA	C	4Fe-4S dicluster domain
NODE_498_length_44854_cov_6.849483	1121472.AQWN01000011_gene1230	1e-214	757.7	Peptococcaceae	fadE4		1.3.8.7	ko:K00249	ko00071,ko00280,ko00410,ko00640,ko01100,ko01110,ko01130,ko01200,ko01212,ko03320,map00071,map00280,map00410,map00640,map01100,map01110,map01130,map01200,map01212,map03320	M00013,M00036,M00087	R00924,R01175,R01279,R02661,R03172,R03777,R03857,R03990,R04095,R04432,R04751,R04754	RC00052,RC00068,RC00076,RC00095,RC00148,RC00246	ko00000,ko00001,ko00002,ko01000				Bacteria	1V03D@1239,24A8N@186801,2646N@186807,COG1960@1,COG1960@2	NA|NA|NA	I	PFAM Acyl-CoA dehydrogenase, C-terminal domain
NODE_525_length_43689_cov_6.205344	335541.Swol_0974	2.1e-284	989.2	Syntrophomonadaceae	mutS	GO:0003674,GO:0003676,GO:0003677,GO:0003684,GO:0003690,GO:0003824,GO:0005488,GO:0005575,GO:0005622,GO:0005623,GO:0006139,GO:0006259,GO:0006281,GO:0006298,GO:0006725,GO:0006807,GO:0006950,GO:0006974,GO:0008094,GO:0008150,GO:0008152,GO:0009987,GO:0016462,GO:0016787,GO:0016817,GO:0016818,GO:0016887,GO:0017111,GO:0030983,GO:0032300,GO:0032991,GO:0033554,GO:0034641,GO:0042623,GO:0043170,GO:0044237,GO:0044238,GO:0044260,GO:0044424,GO:0044464,GO:0046483,GO:0050896,GO:0051716,GO:0071704,GO:0090304,GO:0097159,GO:1901360,GO:1901363,GO:1990391		ko:K03555	ko03430,map03430				ko00000,ko00001,ko03400				Bacteria	1TPRJ@1239,248GI@186801,42JKK@68298,COG0249@1,COG0249@2	NA|NA|NA	L	that it carries out the mismatch recognition step. This protein has a weak ATPase activity
NODE_574_length_41474_cov_8.822159	335541.Swol_2146	2.9e-264	922.2	Syntrophomonadaceae	ilvI	GO:0000287,GO:0003674,GO:0003824,GO:0003984,GO:0005488,GO:0005575,GO:0005622,GO:0005623,GO:0005737,GO:0005829,GO:0006082,GO:0006520,GO:0006549,GO:0006573,GO:0006807,GO:0008150,GO:0008152,GO:0008652,GO:0009058,GO:0009081,GO:0009082,GO:0009097,GO:0009099,GO:0009987,GO:0016053,GO:0016740,GO:0016744,GO:0019752,GO:0019842,GO:0030976,GO:0036094,GO:0043167,GO:0043168,GO:0043169,GO:0043436,GO:0044237,GO:0044238,GO:0044249,GO:0044281,GO:0044283,GO:0044424,GO:0044444,GO:0044464,GO:0046394,GO:0046872,GO:0048037,GO:0050662,GO:0071704,GO:0097159,GO:1901363,GO:1901564,GO:1901566,GO:1901576,GO:1901605,GO:1901607,GO:1901681	2.2.1.6	ko:K01652	ko00290,ko00650,ko00660,ko00770,ko01100,ko01110,ko01130,ko01210,ko01230,map00290,map00650,map00660,map00770,map01100,map01110,map01130,map01210,map01230	M00019,M00570	R00006,R00014,R00226,R03050,R04672,R04673,R08648	RC00027,RC00106,RC01192,RC02744,RC02893	ko00000,ko00001,ko00002,ko01000			iAPECO1_1312.APECO1_1907,iB21_1397.B21_00078,iBWG_1329.BWG_0073,iECBD_1354.ECBD_3539,iECB_1328.ECB_00079,iECD_1391.ECD_00079,iUTI89_1310.UTI89_C0085,iYL1228.KPN_00082	Bacteria	1TQE8@1239,2480U@186801,42JR3@68298,COG0028@1,COG0028@2	NA|NA|NA	H	TIGRFAM acetolactate synthase, large subunit, biosynthetic type
NODE_590_length_40707_cov_6.561867	696281.Desru_0594	2e-204	723.4	Peptococcaceae	hcp	GO:0000302,GO:0003674,GO:0003824,GO:0004601,GO:0006807,GO:0006950,GO:0006979,GO:0008150,GO:0008152,GO:0009636,GO:0009987,GO:0010035,GO:0016209,GO:0016491,GO:0016661,GO:0016684,GO:0042221,GO:0042493,GO:0042542,GO:0046677,GO:0050418,GO:0050896,GO:0051716,GO:0055114,GO:0070887,GO:0097237,GO:0098754,GO:0098869,GO:1901700,GO:1990748	1.7.99.1	ko:K05601	ko00910,map00910		R00143	RC02797	ko00000,ko00001,ko01000				Bacteria	1TP8X@1239,247IN@186801,2601X@186807,COG0369@1,COG1151@2	NA|NA|NA	C	Catalyzes the reduction of hydroxylamine to form NH(3) and H(2)O
NODE_609_length_40029_cov_6.454020	335541.Swol_1498	5.6e-204	721.8	Syntrophomonadaceae	ffh	GO:0005575,GO:0005618,GO:0005623,GO:0005886,GO:0008150,GO:0016020,GO:0030312,GO:0040007,GO:0044464,GO:0071944	3.6.5.4	ko:K03106	ko02024,ko03060,ko03070,map02024,map03060,map03070	M00335			ko00000,ko00001,ko00002,ko01000,ko02044	3.A.5.1,3.A.5.2,3.A.5.7,3.A.5.8,3.A.5.9			Bacteria	1TP06@1239,248EU@186801,42JQN@68298,COG0541@1,COG0541@2	NA|NA|NA	U	Involved in targeting and insertion of nascent membrane proteins into the cytoplasmic membrane. Binds to the hydrophobic signal sequence of the ribosome-nascent chain (RNC) as it emerges from the ribosomes. The SRP-RNC complex is then targeted to the cytoplasmic membrane where it interacts with the SRP receptor FtsY
NODE_659_length_38242_cov_6.281352	335541.Swol_1420	0.0	1184.9	Syntrophomonadaceae	cca		2.7.7.19,2.7.7.72,3.1.13.3,3.1.3.7	ko:K00970,ko:K00974,ko:K06881	ko00920,ko01100,ko01120,ko03013,ko03018,map00920,map01100,map01120,map03013,map03018		R00188,R00508,R09382,R09383,R09384,R09386	RC00078	ko00000,ko00001,ko01000,ko03016,ko03019,ko03400				Bacteria	1TQ2A@1239,247XC@186801,42JK8@68298,COG0517@1,COG0517@2,COG0617@1,COG0617@2,COG0618@1,COG0618@2	NA|NA|NA	J	Probable RNA and SrmB- binding site of polymerase A
NODE_663_length_38168_cov_7.053368	335541.Swol_0049	6.7e-271	944.1	Syntrophomonadaceae	metG	GO:0003674,GO:0003824,GO:0004812,GO:0004825,GO:0005575,GO:0005622,GO:0005623,GO:0005737,GO:0005886,GO:0006082,GO:0006139,GO:0006399,GO:0006412,GO:0006418,GO:0006431,GO:0006518,GO:0006520,GO:0006725,GO:0006807,GO:0008150,GO:0008152,GO:0009058,GO:0009059,GO:0009987,GO:0010467,GO:0016020,GO:0016070,GO:0016874,GO:0016875,GO:0019538,GO:0019752,GO:0034641,GO:0034645,GO:0034660,GO:0040007,GO:0043038,GO:0043039,GO:0043043,GO:0043170,GO:0043436,GO:0043603,GO:0043604,GO:0044237,GO:0044238,GO:0044249,GO:0044260,GO:0044267,GO:0044271,GO:0044281,GO:0044424,GO:0044464,GO:0046483,GO:0071704,GO:0071944,GO:0090304,GO:0140098,GO:0140101,GO:1901360,GO:1901564,GO:1901566,GO:1901576	6.1.1.10,6.1.1.20	ko:K01874,ko:K01890,ko:K06878	ko00450,ko00970,map00450,map00970	M00359,M00360	R03659,R03660,R04773	RC00055,RC00523	ko00000,ko00001,ko00002,ko01000,ko01007,ko03016				Bacteria	1TPA1@1239,248AU@186801,42JKJ@68298,COG0073@1,COG0073@2,COG0143@1,COG0143@2	NA|NA|NA	J	Is required not only for elongation of protein synthesis but also for the initiation of all mRNA translation through initiator tRNA(fMet) aminoacylation
NODE_686_length_37337_cov_6.126898	335541.Swol_1653	0.0	1156.4	Syntrophomonadaceae	lon	GO:0000166,GO:0003674,GO:0003676,GO:0003677,GO:0003824,GO:0004175,GO:0004176,GO:0004252,GO:0005488,GO:0005524,GO:0005575,GO:0005622,GO:0005623,GO:0005737,GO:0005829,GO:0006508,GO:0006515,GO:0006807,GO:0006950,GO:0008144,GO:0008150,GO:0008152,GO:0008233,GO:0008236,GO:0009056,GO:0009057,GO:0009266,GO:0009314,GO:0009408,GO:0009628,GO:0009987,GO:0010165,GO:0010212,GO:0016462,GO:0016787,GO:0016817,GO:0016818,GO:0016887,GO:0017076,GO:0017111,GO:0017171,GO:0019538,GO:0030163,GO:0030554,GO:0032553,GO:0032555,GO:0032559,GO:0035639,GO:0036094,GO:0042623,GO:0043167,GO:0043168,GO:0043170,GO:0044237,GO:0044238,GO:0044248,GO:0044257,GO:0044260,GO:0044265,GO:0044267,GO:0044424,GO:0044444,GO:0044464,GO:0050896,GO:0051603,GO:0070011,GO:0071704,GO:0097159,GO:0097367,GO:0140096,GO:1901265,GO:1901363,GO:1901564,GO:1901565,GO:1901575	3.4.21.53	ko:K01338	ko04112,map04112				ko00000,ko00001,ko01000,ko01002				Bacteria	1TNYG@1239,247SH@186801,42JPA@68298,COG0466@1,COG0466@2	NA|NA|NA	O	ATP-dependent serine protease that mediates the selective degradation of mutant and abnormal proteins as well as certain short-lived regulatory proteins. Required for cellular homeostasis and for survival from DNA damage and developmental changes induced by stress. Degrades polypeptides processively to yield small peptide fragments that are 5 to 10 amino acids long. Binds to DNA in a double-stranded, site-specific manner
NODE_703_length_36663_cov_6.933785	335541.Swol_0073	0.0	1348.6	Syntrophomonadaceae	mfd			ko:K03723	ko03420,map03420				ko00000,ko00001,ko01000,ko03400				Bacteria	1TPF1@1239,248D8@186801,42JQ0@68298,COG1197@1,COG1197@2	NA|NA|NA	L	Couples transcription and DNA repair by recognizing RNA polymerase (RNAP) stalled at DNA lesions. Mediates ATP-dependent release of RNAP and its truncated transcript from the DNA, and recruitment of nucleotide excision repair machinery to the damaged site
NODE_705_length_36557_cov_6.635527	335541.Swol_1855	6.4e-247	864.4	Syntrophomonadaceae	groL	GO:0001817,GO:0001819,GO:0001871,GO:0002791,GO:0002793,GO:0003674,GO:0005488,GO:0005515,GO:0005575,GO:0005622,GO:0005623,GO:0005737,GO:0005829,GO:0006457,GO:0006458,GO:0008150,GO:0009986,GO:0009987,GO:0016465,GO:0030246,GO:0030247,GO:0032677,GO:0032757,GO:0032879,GO:0032880,GO:0032991,GO:0044183,GO:0044424,GO:0044444,GO:0044445,GO:0044464,GO:0044764,GO:0046812,GO:0048518,GO:0048522,GO:0050707,GO:0050708,GO:0050714,GO:0050715,GO:0050789,GO:0050794,GO:0051046,GO:0051047,GO:0051049,GO:0051050,GO:0051082,GO:0051222,GO:0051223,GO:0051239,GO:0051240,GO:0051704,GO:0061077,GO:0065007,GO:0070201,GO:0090087,GO:0098630,GO:0098743,GO:0101031,GO:1903530,GO:1903532,GO:1904951,GO:1990220,GO:2000482,GO:2000484,GO:2001065		ko:K04077	ko03018,ko04212,ko04940,ko05134,ko05152,map03018,map04212,map04940,map05134,map05152				ko00000,ko00001,ko03019,ko03029,ko03110,ko04147				Bacteria	1TP1T@1239,248BG@186801,42JIB@68298,COG0459@1,COG0459@2	NA|NA|NA	O	Prevents misfolding and promotes the refolding and proper assembly of unfolded polypeptides generated under stress conditions
NODE_718_length_35950_cov_6.961889	335541.Swol_2043	0.0	1641.3	Syntrophomonadaceae	dnaE		2.7.7.7	ko:K02337	ko00230,ko00240,ko01100,ko03030,ko03430,ko03440,map00230,map00240,map01100,map03030,map03430,map03440	M00260	R00375,R00376,R00377,R00378	RC02795	ko00000,ko00001,ko00002,ko01000,ko03032,ko03400				Bacteria	1TPYG@1239,247U0@186801,42JI1@68298,COG0587@1,COG0587@2	NA|NA|NA	L	TIGRFAM DNA polymerase III, alpha subunit
NODE_771_length_34670_cov_6.420020	335541.Swol_1649	0.0	1408.7	Syntrophomonadaceae	valS	GO:0003674,GO:0003824,GO:0004812,GO:0004832,GO:0006082,GO:0006139,GO:0006399,GO:0006412,GO:0006418,GO:0006438,GO:0006518,GO:0006520,GO:0006725,GO:0006807,GO:0008150,GO:0008152,GO:0009058,GO:0009059,GO:0009987,GO:0010467,GO:0016070,GO:0016874,GO:0016875,GO:0019538,GO:0019752,GO:0034641,GO:0034645,GO:0034660,GO:0043038,GO:0043039,GO:0043043,GO:0043170,GO:0043436,GO:0043603,GO:0043604,GO:0044237,GO:0044238,GO:0044249,GO:0044260,GO:0044267,GO:0044271,GO:0044281,GO:0046483,GO:0071704,GO:0090304,GO:0140098,GO:0140101,GO:1901360,GO:1901564,GO:1901566,GO:1901576	6.1.1.9	ko:K01873	ko00970,map00970	M00359,M00360	R03665	RC00055,RC00523	ko00000,ko00001,ko00002,ko01000,ko01007,ko03016			iLJ478.TM1817	Bacteria	1TPN4@1239,248VC@186801,42JHQ@68298,COG0525@1,COG0525@2	NA|NA|NA	J	amino acids such as threonine, to avoid such errors, it has a posttransfer editing activity that hydrolyzes mischarged Thr-tRNA(Val) in a tRNA-dependent manner
NODE_820_length_33541_cov_6.448576	335541.Swol_0840	3.8e-294	1021.1	Syntrophomonadaceae	topA		5.99.1.2	ko:K03168					ko00000,ko01000,ko03032,ko03400				Bacteria	1TPUS@1239,248MG@186801,42JR0@68298,COG0550@1,COG0550@2	NA|NA|NA	L	Releases the supercoiling and torsional tension of DNA, which is introduced during the DNA replication and transcription, by transiently cleaving and rejoining one strand of the DNA duplex. Introduces a single-strand break via transesterification at a target site in duplex DNA. The scissile phosphodiester is attacked by the catalytic tyrosine of the enzyme, resulting in the formation of a DNA-(5'-phosphotyrosyl)-enzyme intermediate and the expulsion of a 3'-OH DNA strand. The free DNA strand then undergoes passage around the unbroken strand, thus removing DNA supercoils. Finally, in the religation step, the DNA 3'-OH attacks the covalent intermediate to expel the active-site tyrosine and restore the DNA phosphodiester backbone
NODE_866_length_32483_cov_8.233379	335541.Swol_0280	7.7e-276	960.3	Syntrophomonadaceae	rnr			ko:K12573,ko:K12585	ko03018,map03018	M00391			ko00000,ko00001,ko00002,ko01000,ko03016,ko03019				Bacteria	1TQ1G@1239,247ZS@186801,42JM1@68298,COG0557@1,COG0557@2	NA|NA|NA	J	3'-5' exoribonuclease that releases 5'-nucleoside monophosphates and is involved in maturation of structured RNAs
NODE_885_length_32062_cov_7.063517	335541.Swol_2560	1.4e-245	859.8	Syntrophomonadaceae	selB			ko:K03833					ko00000,ko03012				Bacteria	1TPQS@1239,2484U@186801,42JS8@68298,COG3276@1,COG3276@2	NA|NA|NA	J	Elongation factor SelB winged helix 3
NODE_904_length_31700_cov_6.552062	335541.Swol_1344	8.6e-248	867.1	Syntrophomonadaceae	ispH		1.17.7.4	ko:K02945,ko:K03527	ko00900,ko01100,ko01110,ko01130,ko03010,map00900,map01100,map01110,map01130,map03010	M00096,M00178	R05884,R08210	RC01137,RC01487	br01610,ko00000,ko00001,ko00002,ko01000,ko03011				Bacteria	1TQ9N@1239,247UK@186801,42JQ6@68298,COG0539@1,COG0539@2,COG0761@1,COG0761@2	NA|NA|NA	H	Catalyzes the conversion of 1-hydroxy-2-methyl-2-(E)- butenyl 4-diphosphate (HMBPP) into a mixture of isopentenyl diphosphate (IPP) and dimethylallyl diphosphate (DMAPP). Acts in the terminal step of the DOXP MEP pathway for isoprenoid precursor biosynthesis
NODE_958_length_30634_cov_6.269270	926569.ANT_21200	0.0	1690.6	Chloroflexi													Bacteria	2G6I4@200795,COG0553@1,COG0553@2,COG3886@1,COG3886@2	NA|NA|NA	L	PFAM helicase domain protein
NODE_977_length_30263_cov_6.619306	335541.Swol_0623	0.0	1266.5	Syntrophomonadaceae	pmr1		3.6.3.8	ko:K01537					ko00000,ko01000	3.A.3.2			Bacteria	1TPF5@1239,247JN@186801,42JMP@68298,COG0474@1,COG0474@2	NA|NA|NA	P	TIGRFAM ATPase, P-type (transporting), HAD superfamily, subfamily IC
NODE_993_length_29918_cov_9.328165	646529.Desaci_0650	0.0	1238.0	Peptococcaceae	malQ	GO:0005575,GO:0005622,GO:0005623,GO:0005737,GO:0005829,GO:0044424,GO:0044444,GO:0044464	2.4.1.18,2.4.1.25,2.4.1.4,3.2.1.1,3.2.1.133,3.2.1.135,3.2.1.196,3.2.1.20,3.2.1.41,3.2.1.54,5.4.99.15	ko:K00700,ko:K00705,ko:K01176,ko:K01187,ko:K01200,ko:K01208,ko:K02438,ko:K05341,ko:K06044,ko:K21575	ko00052,ko00500,ko01100,ko01110,ko04973,map00052,map00500,map01100,map01110,map04973	M00565	R00028,R00801,R00802,R01823,R01824,R02108,R02110,R02111,R02112,R03122,R05196,R06087,R06088,R09995,R11262	RC00028,RC00049,RC00077	ko00000,ko00001,ko00002,ko01000,ko04147		CBM48,GH13,GH31,GH77	iJN678.malQ	Bacteria	1TNZ0@1239,247YM@186801,262TI@186807,COG0366@1,COG0366@2,COG1640@1,COG1640@2,COG3280@1,COG3280@2	NA|NA|NA	G	alpha amylase, catalytic
NODE_1099_length_27837_cov_8.897704	696369.KI912183_gene1447	2e-155	560.1	Peptococcaceae													Bacteria	1UNMW@1239,25ECT@186801,2607G@186807,COG0477@1,COG0477@2	NA|NA|NA	EGP	PFAM Major Facilitator Superfamily
NODE_1170_length_26713_cov_7.292933	335541.Swol_0468	0.0	1224.2	Syntrophomonadaceae	alaS	GO:0001130,GO:0001131,GO:0001141,GO:0001217,GO:0002161,GO:0002196,GO:0003674,GO:0003700,GO:0003824,GO:0004812,GO:0004813,GO:0005488,GO:0005515,GO:0005575,GO:0005622,GO:0005623,GO:0005737,GO:0005829,GO:0006082,GO:0006139,GO:0006355,GO:0006396,GO:0006399,GO:0006400,GO:0006412,GO:0006418,GO:0006419,GO:0006450,GO:0006518,GO:0006520,GO:0006725,GO:0006807,GO:0008033,GO:0008150,GO:0008152,GO:0008270,GO:0009058,GO:0009059,GO:0009451,GO:0009889,GO:0009890,GO:0009892,GO:0009987,GO:0010467,GO:0010468,GO:0010556,GO:0010558,GO:0010605,GO:0010629,GO:0016070,GO:0016597,GO:0016787,GO:0016788,GO:0016874,GO:0016875,GO:0019219,GO:0019222,GO:0019538,GO:0019752,GO:0031323,GO:0031324,GO:0031326,GO:0031327,GO:0031406,GO:0034470,GO:0034641,GO:0034645,GO:0034660,GO:0036094,GO:0042802,GO:0043038,GO:0043039,GO:0043043,GO:0043167,GO:0043168,GO:0043169,GO:0043170,GO:0043177,GO:0043412,GO:0043436,GO:0043603,GO:0043604,GO:0044237,GO:0044238,GO:0044249,GO:0044260,GO:0044267,GO:0044271,GO:0044281,GO:0044424,GO:0044444,GO:0044464,GO:0045892,GO:0045934,GO:0046483,GO:0046872,GO:0046914,GO:0048519,GO:0048523,GO:0050789,GO:0050794,GO:0051171,GO:0051172,GO:0051252,GO:0051253,GO:0052689,GO:0060255,GO:0065007,GO:0065008,GO:0071704,GO:0080090,GO:0090304,GO:0106074,GO:0140098,GO:0140101,GO:0140110,GO:1901360,GO:1901564,GO:1901566,GO:1901576,GO:1902679,GO:1903506,GO:1903507,GO:2000112,GO:2000113,GO:2001141	6.1.1.7	ko:K01872	ko00970,map00970	M00359,M00360	R03038	RC00055,RC00523	ko00000,ko00001,ko00002,ko01000,ko01007,ko03016			iECABU_c1320.ECABU_c29670,iECED1_1282.ECED1_3146,iEcHS_1320.EcHS_A2833,iJN746.PP_4474	Bacteria	1TPK6@1239,248M3@186801,42JKC@68298,COG0013@1,COG0013@2	NA|NA|NA	J	Catalyzes the attachment of alanine to tRNA(Ala) in a two-step reaction alanine is first activated by ATP to form Ala- AMP and then transferred to the acceptor end of tRNA(Ala). Also edits incorrectly charged Ser-tRNA(Ala) and Gly-tRNA(Ala) via its editing domain
NODE_1196_length_26277_cov_7.097437	335541.Swol_0006	0.0	1191.4	Syntrophomonadaceae	gyrA	GO:0000166,GO:0000287,GO:0003674,GO:0003824,GO:0003916,GO:0003918,GO:0005488,GO:0005524,GO:0005575,GO:0005618,GO:0005623,GO:0005886,GO:0006139,GO:0006259,GO:0006265,GO:0006725,GO:0006807,GO:0006996,GO:0008094,GO:0008144,GO:0008150,GO:0008152,GO:0009987,GO:0016020,GO:0016043,GO:0016462,GO:0016787,GO:0016817,GO:0016818,GO:0016853,GO:0016887,GO:0017076,GO:0017111,GO:0030312,GO:0030554,GO:0032553,GO:0032555,GO:0032559,GO:0034335,GO:0034641,GO:0035639,GO:0036094,GO:0042623,GO:0043167,GO:0043168,GO:0043169,GO:0043170,GO:0044237,GO:0044238,GO:0044260,GO:0044464,GO:0046483,GO:0046872,GO:0051276,GO:0061505,GO:0071103,GO:0071704,GO:0071840,GO:0071944,GO:0090304,GO:0097159,GO:0097367,GO:0140097,GO:1901265,GO:1901360,GO:1901363	5.99.1.3	ko:K02469					ko00000,ko01000,ko03032,ko03400				Bacteria	1TP2Z@1239,2482G@186801,42JMI@68298,COG0188@1,COG0188@2	NA|NA|NA	L	A type II topoisomerase that negatively supercoils closed circular double-stranded (ds) DNA in an ATP-dependent manner to modulate DNA topology and maintain chromosomes in an underwound state. Negative supercoiling favors strand separation, and DNA replication, transcription, recombination and repair, all of which involve strand separation. Also able to catalyze the interconversion of other topological isomers of dsDNA rings, including catenanes and knotted rings. Type II topoisomerases break and join 2 DNA strands simultaneously in an ATP-dependent manner
NODE_1294_length_24983_cov_9.507461	335541.Swol_0238	7.4e-271	943.3	Syntrophomonadaceae	secA	GO:0000166,GO:0003674,GO:0003824,GO:0005215,GO:0005488,GO:0005524,GO:0005575,GO:0005622,GO:0005623,GO:0005737,GO:0005829,GO:0005886,GO:0005887,GO:0006810,GO:0008104,GO:0008144,GO:0008150,GO:0008320,GO:0008565,GO:0015031,GO:0015399,GO:0015405,GO:0015440,GO:0015450,GO:0015462,GO:0015833,GO:0016020,GO:0016021,GO:0016462,GO:0016787,GO:0016817,GO:0016818,GO:0016887,GO:0017076,GO:0017111,GO:0022804,GO:0022857,GO:0022884,GO:0030554,GO:0031224,GO:0031226,GO:0031522,GO:0032553,GO:0032555,GO:0032559,GO:0032991,GO:0033036,GO:0033220,GO:0035639,GO:0036094,GO:0042623,GO:0042626,GO:0042886,GO:0042887,GO:0043167,GO:0043168,GO:0043492,GO:0043952,GO:0044424,GO:0044425,GO:0044444,GO:0044459,GO:0044464,GO:0045184,GO:0051179,GO:0051234,GO:0055085,GO:0071702,GO:0071705,GO:0071806,GO:0071944,GO:0097159,GO:0097367,GO:1901265,GO:1901363,GO:1904680		ko:K03070	ko02024,ko03060,ko03070,map02024,map03060,map03070	M00335			ko00000,ko00001,ko00002,ko02044	3.A.5.1,3.A.5.10,3.A.5.2,3.A.5.4			Bacteria	1TPEY@1239,247N2@186801,42JRG@68298,COG0653@1,COG0653@2	NA|NA|NA	U	Part of the Sec protein translocase complex. Interacts with the SecYEG preprotein conducting channel. Has a central role in coupling the hydrolysis of ATP to the transfer of proteins into and across the cell membrane, serving as an ATP-driven molecular motor driving the stepwise translocation of polypeptide chains across the membrane
NODE_1355_length_24290_cov_6.378296	335541.Swol_0962	0.0	1543.1	Syntrophomonadaceae	ileS	GO:0003674,GO:0003824,GO:0004812,GO:0004822,GO:0005488,GO:0005575,GO:0005622,GO:0005623,GO:0005737,GO:0005829,GO:0006082,GO:0006139,GO:0006399,GO:0006412,GO:0006418,GO:0006428,GO:0006518,GO:0006520,GO:0006725,GO:0006807,GO:0008150,GO:0008152,GO:0008270,GO:0009058,GO:0009059,GO:0009987,GO:0010467,GO:0016070,GO:0016874,GO:0016875,GO:0019538,GO:0019752,GO:0034641,GO:0034645,GO:0034660,GO:0043038,GO:0043039,GO:0043043,GO:0043167,GO:0043169,GO:0043170,GO:0043436,GO:0043603,GO:0043604,GO:0044237,GO:0044238,GO:0044249,GO:0044260,GO:0044267,GO:0044271,GO:0044281,GO:0044424,GO:0044444,GO:0044464,GO:0046483,GO:0046872,GO:0046914,GO:0071704,GO:0090304,GO:0140098,GO:0140101,GO:1901360,GO:1901564,GO:1901566,GO:1901576	6.1.1.5	ko:K01870	ko00970,map00970	M00359,M00360	R03656	RC00055,RC00523	ko00000,ko00001,ko00002,ko01000,ko01007,ko03016			iG2583_1286.G2583_0027,iPC815.YPO0475	Bacteria	1TPS7@1239,247XX@186801,42JQB@68298,COG0060@1,COG0060@2	NA|NA|NA	J	amino acids such as valine, to avoid such errors it has two additional distinct tRNA(Ile)-dependent editing activities. One activity is designated as 'pretransfer' editing and involves the hydrolysis of activated Val-AMP. The other activity is designated 'posttransfer' editing and involves deacylation of mischarged Val-tRNA(Ile)
NODE_1380_length_23943_cov_7.774866	335541.Swol_2367	0.0	1256.9	Syntrophomonadaceae	clpC	GO:0006950,GO:0008150,GO:0010035,GO:0010038,GO:0042221,GO:0046686,GO:0046688,GO:0050896,GO:0097501,GO:1990169,GO:1990170		ko:K03696	ko01100,map01100				ko00000,ko03110				Bacteria	1TPMU@1239,247TD@186801,42JNC@68298,COG0542@1,COG0542@2	NA|NA|NA	O	Belongs to the ClpA ClpB family
NODE_1463_length_22961_cov_6.230245	1291050.JAGE01000002_gene3768	1.3e-306	1062.0	Ruminococcaceae	copA	GO:0005575,GO:0005623,GO:0005886,GO:0016020,GO:0044464,GO:0071944	3.6.3.54	ko:K17686	ko01524,ko04016,map01524,map04016		R00086	RC00002	ko00000,ko00001,ko01000	3.A.3.5			Bacteria	1TP5S@1239,247MW@186801,3WGJD@541000,COG2217@1,COG2217@2	NA|NA|NA	P	ATPase, P-type (transporting), HAD superfamily, subfamily IC
NODE_1593_length_21684_cov_10.241666	865861.AZSU01000001_gene421	3.2e-209	738.4	Clostridiaceae			3.1.3.5,3.6.1.45	ko:K11751	ko00230,ko00240,ko00760,ko01100,ko01110,map00230,map00240,map00760,map01100,map01110		R00183,R00511,R00963,R01126,R01227,R01569,R01664,R01968,R02088,R02102,R02323,R02719,R03346	RC00017	ko00000,ko00001,ko01000				Bacteria	1TPV2@1239,2491Y@186801,36GAH@31979,COG0737@1,COG0737@2	NA|NA|NA	F	5'-nucleotidase, C-terminal domain
NODE_1594_length_21669_cov_6.653604	335541.Swol_0252	0.0	1541.6	Syntrophomonadaceae	uvrA			ko:K03701	ko03420,map03420				ko00000,ko00001,ko03400				Bacteria	1TPIJ@1239,2485F@186801,42JMC@68298,COG0178@1,COG0178@2	NA|NA|NA	L	The UvrABC repair system catalyzes the recognition and processing of DNA lesions. UvrA is an ATPase and a DNA-binding protein. A damage recognition complex composed of 2 UvrA and 2 UvrB subunits scans DNA for abnormalities. When the presence of a lesion has been verified by UvrB, the UvrA molecules dissociate
NODE_1622_length_21328_cov_5.085366	643648.Slip_0455	1.2e-248	869.4	Clostridia	acd		1.3.8.7	ko:K00249	ko00071,ko00280,ko00410,ko00640,ko01100,ko01110,ko01130,ko01200,ko01212,ko03320,map00071,map00280,map00410,map00640,map01100,map01110,map01130,map01200,map01212,map03320	M00013,M00036,M00087	R00924,R01175,R01279,R02661,R03172,R03777,R03857,R03990,R04095,R04432,R04751,R04754	RC00052,RC00068,RC00076,RC00095,RC00148,RC00246	ko00000,ko00001,ko00002,ko01000				Bacteria	1UYN2@1239,24FN8@186801,COG1960@1,COG1960@2	NA|NA|NA	C	PFAM Acyl-CoA dehydrogenase, C-terminal domain
NODE_1629_length_21245_cov_6.721331	1120998.AUFC01000011_gene2565	3.4e-147	532.3	Clostridia				ko:K02016	ko02010,map02010	M00240			ko00000,ko00001,ko00002,ko02000	3.A.1.14			Bacteria	1U8PM@1239,25B0E@186801,COG0614@1,COG0614@2	NA|NA|NA	P	PFAM periplasmic binding protein
NODE_1647_length_21074_cov_5.987107	643648.Slip_2154	1e-196	696.8	Syntrophomonadaceae				ko:K03303					ko00000,ko02000	2.A.14			Bacteria	1TQNM@1239,2482V@186801,42KWJ@68298,COG1620@1,COG1620@2	NA|NA|NA	C	PFAM L-lactate permease
NODE_1663_length_20854_cov_5.739218	335541.Swol_2012	1.4e-161	580.1	Syntrophomonadaceae				ko:K02035,ko:K15580	ko01501,ko02010,ko02024,map01501,map02010,map02024	M00239,M00439			ko00000,ko00001,ko00002,ko02000	3.A.1.5,3.A.1.5.1,3.A.1.5.18,3.A.1.5.19,3.A.1.5.25			Bacteria	1TNYQ@1239,25E4B@186801,42KYW@68298,COG4166@1,COG4166@2	NA|NA|NA	E	ABC-type dipeptide transport system periplasmic component-like protein
NODE_1677_length_20728_cov_7.623712	335541.Swol_2534	2e-245	858.6	Syntrophomonadaceae	lonC		3.4.21.53	ko:K01338,ko:K04076	ko04112,map04112				ko00000,ko00001,ko01000,ko01002				Bacteria	1TP2K@1239,247TX@186801,42KDY@68298,COG1067@1,COG1067@2	NA|NA|NA	F	Belongs to the peptidase S16 family
NODE_1720_length_20392_cov_6.146383	335541.Swol_0698	1.7e-281	978.4	Syntrophomonadaceae													Bacteria	1TPG1@1239,24BBE@186801,42KE9@68298,COG0247@1,COG0247@2,COG2181@1,COG2181@2	NA|NA|NA	C	Nitrate reductase gamma subunit
NODE_1775_length_19882_cov_5.957280	1304880.JAGB01000002_gene2034	8.8e-307	1062.4	Clostridia	galT		2.7.7.12	ko:K00965	ko00052,ko00520,ko01100,ko04917,map00052,map00520,map01100,map04917	M00362,M00554,M00632	R00955	RC00002	ko00000,ko00001,ko00002,ko01000				Bacteria	1TPBN@1239,247ZN@186801,COG4468@1,COG4468@2	NA|NA|NA	G	UDPglucose--hexose-1-phosphate uridylyltransferase
NODE_1848_length_19266_cov_6.830201	634994.GCWU000323_00112	2.4e-168	602.4	Fusobacteria	argB	GO:0003674,GO:0003824,GO:0003991,GO:0005488,GO:0005515,GO:0005575,GO:0005618,GO:0005623,GO:0005886,GO:0006082,GO:0006520,GO:0006525,GO:0006526,GO:0006793,GO:0006796,GO:0006807,GO:0008144,GO:0008150,GO:0008152,GO:0008652,GO:0009058,GO:0009064,GO:0009084,GO:0009987,GO:0016020,GO:0016053,GO:0016301,GO:0016310,GO:0016597,GO:0016740,GO:0016772,GO:0016774,GO:0019752,GO:0019842,GO:0030170,GO:0030312,GO:0031406,GO:0034618,GO:0036094,GO:0040007,GO:0042802,GO:0043167,GO:0043168,GO:0043169,GO:0043177,GO:0043436,GO:0044237,GO:0044238,GO:0044249,GO:0044281,GO:0044283,GO:0044464,GO:0046394,GO:0048037,GO:0050662,GO:0070279,GO:0071704,GO:0071944,GO:0097159,GO:1901363,GO:1901564,GO:1901566,GO:1901576,GO:1901605,GO:1901607	2.6.1.11,2.6.1.17,2.7.2.8	ko:K00821,ko:K00930	ko00220,ko00300,ko01100,ko01110,ko01120,ko01130,ko01210,ko01230,map00220,map00300,map01100,map01110,map01120,map01130,map01210,map01230	M00016,M00028,M00845	R02283,R02649,R04475	RC00002,RC00006,RC00043,RC00062	ko00000,ko00001,ko00002,ko01000,ko01007			iAF987.Gmet_0204,iLJ478.TM1784	Bacteria	37CU4@32066,COG0548@1,COG0548@2,COG4992@1,COG4992@2	NA|NA|NA	E	K00821 acetylornithine N-succinyldiaminopimelate aminotransferase
NODE_1883_length_18963_cov_10.588640	335541.Swol_1919	0.0	1600.1	Clostridia			2.4.1.339,2.4.1.340,3.2.1.197	ko:K20885,ko:K21065			R11397,R11398,R11544	RC00049,RC02748	ko00000,ko01000		GH130		Bacteria	1TYI2@1239,25DIW@186801,COG2152@1,COG2152@2	NA|NA|NA	G	PFAM glycosidase, PH1107-related
NODE_1905_length_18795_cov_6.059819	335541.Swol_1109	0.0	1081.2	Syntrophomonadaceae	mtgA		2.4.1.129,3.4.16.4	ko:K03814,ko:K05365,ko:K05366,ko:K21464	ko00550,ko01100,ko01501,map00550,map01100,map01501		R04519	RC00005,RC00049	ko00000,ko00001,ko01000,ko01003,ko01011		GT51		Bacteria	1TPM5@1239,248A4@186801,42JJ0@68298,COG0744@1,COG0744@2	NA|NA|NA	M	Transglycosylase
NODE_2047_length_17862_cov_6.724771	767817.Desgi_2327	1.4e-263	918.7	Peptococcaceae	lcfB												Bacteria	1TPSX@1239,248JC@186801,262AS@186807,COG0318@1,COG0318@2	NA|NA|NA	IQ	Acyl-CoA synthetase (AMP-forming) AMP-acid ligase II
NODE_2136_length_17301_cov_6.901194	335541.Swol_2408	5.4e-212	747.3	Syntrophomonadaceae	rho			ko:K03628	ko03018,map03018				ko00000,ko00001,ko03019,ko03021				Bacteria	1TPHZ@1239,247YK@186801,42KAQ@68298,COG1158@1,COG1158@2	NA|NA|NA	K	Facilitates transcription termination by a mechanism that involves Rho binding to the nascent RNA, activation of Rho's RNA-dependent ATPase activity, and release of the mRNA from the DNA template
NODE_2349_length_16151_cov_7.333250	203119.Cthe_1842	5.4e-198	700.7	Ruminococcaceae			2.5.1.49	ko:K01740	ko00270,ko01100,map00270,map01100		R01287,R04859	RC00020,RC02821,RC02848	ko00000,ko00001,ko01000				Bacteria	1VYCY@1239,247XK@186801,3WGNF@541000,COG2873@1,COG2873@2	NA|NA|NA	E	O-acetylhomoserine
NODE_2358_length_16109_cov_8.792575	335541.Swol_0521	1.7e-215	758.8	Clostridia													Bacteria	1TSDW@1239,249M5@186801,COG3039@1,COG3039@2	NA|NA|NA	L	PFAM Transposase, IS4-like
NODE_2380_length_16013_cov_6.704161	768710.DesyoDRAFT_3950	2.1e-250	874.8	Clostridia	acd		1.3.8.7	ko:K00249	ko00071,ko00280,ko00410,ko00640,ko01100,ko01110,ko01130,ko01200,ko01212,ko03320,map00071,map00280,map00410,map00640,map01100,map01110,map01130,map01200,map01212,map03320	M00013,M00036,M00087	R00924,R01175,R01279,R02661,R03172,R03777,R03857,R03990,R04095,R04432,R04751,R04754	RC00052,RC00068,RC00076,RC00095,RC00148,RC00246	ko00000,ko00001,ko00002,ko01000				Bacteria	1TT4X@1239,24EKX@186801,COG1960@1,COG1960@2	NA|NA|NA	C	PFAM Acyl-CoA dehydrogenase, C-terminal domain
NODE_2514_length_15349_cov_6.198575	335541.Swol_1095	9.6e-237	829.3	Syntrophomonadaceae	pheT	GO:0003674,GO:0003824,GO:0004812,GO:0004826,GO:0005488,GO:0005515,GO:0005575,GO:0005618,GO:0005622,GO:0005623,GO:0005737,GO:0005829,GO:0005886,GO:0006082,GO:0006139,GO:0006399,GO:0006412,GO:0006418,GO:0006432,GO:0006518,GO:0006520,GO:0006725,GO:0006807,GO:0008150,GO:0008152,GO:0009058,GO:0009059,GO:0009328,GO:0009987,GO:0010467,GO:0016020,GO:0016070,GO:0016874,GO:0016875,GO:0019538,GO:0019752,GO:0030312,GO:0032991,GO:0034641,GO:0034645,GO:0034660,GO:0040007,GO:0042802,GO:0043038,GO:0043039,GO:0043043,GO:0043170,GO:0043436,GO:0043603,GO:0043604,GO:0044237,GO:0044238,GO:0044249,GO:0044260,GO:0044267,GO:0044271,GO:0044281,GO:0044424,GO:0044444,GO:0044464,GO:0046483,GO:0071704,GO:0071944,GO:0090304,GO:0140098,GO:0140101,GO:1901360,GO:1901564,GO:1901566,GO:1901576,GO:1902494	6.1.1.20	ko:K01890	ko00970,map00970	M00359,M00360	R03660	RC00055,RC00523	ko00000,ko00001,ko00002,ko01000,ko01007,ko03016			iG2583_1286.G2583_2160,iPC815.YPO2428	Bacteria	1TP98@1239,248BJ@186801,42JRX@68298,COG0072@1,COG0072@2	NA|NA|NA	J	B3/4 domain
NODE_2523_length_15305_cov_6.484852	335541.Swol_1281	0.0	1674.1	Syntrophomonadaceae	carB	GO:0000050,GO:0003674,GO:0003824,GO:0004087,GO:0004088,GO:0005575,GO:0005622,GO:0005623,GO:0005737,GO:0006082,GO:0006520,GO:0006525,GO:0006526,GO:0006807,GO:0008150,GO:0008152,GO:0008652,GO:0009058,GO:0009064,GO:0009084,GO:0009987,GO:0016053,GO:0016874,GO:0016879,GO:0016884,GO:0019627,GO:0019752,GO:0034641,GO:0043436,GO:0043603,GO:0043604,GO:0044237,GO:0044238,GO:0044249,GO:0044271,GO:0044281,GO:0044283,GO:0044424,GO:0044464,GO:0046394,GO:0071704,GO:0071941,GO:1901564,GO:1901566,GO:1901576,GO:1901605,GO:1901607	6.3.5.5	ko:K01955	ko00240,ko00250,ko01100,map00240,map00250,map01100	M00051	R00256,R00575,R01395,R10948,R10949	RC00002,RC00010,RC00043,RC02750,RC02798,RC03314	ko00000,ko00001,ko00002,ko01000				Bacteria	1TPID@1239,2498I@186801,42JIN@68298,COG0458@1,COG0458@2	NA|NA|NA	F	Carbamoyl-phosphate synthetase ammonia chain
NODE_2533_length_15250_cov_6.882856	335541.Swol_2418	2.4e-243	851.3	Syntrophomonadaceae	pyrG	GO:0005575,GO:0005623,GO:0005886,GO:0008150,GO:0016020,GO:0040007,GO:0044464,GO:0071944	6.3.4.2	ko:K01937	ko00240,ko01100,map00240,map01100	M00052	R00571,R00573	RC00010,RC00074	ko00000,ko00001,ko00002,ko01000			iHN637.CLJU_RS01075,iNJ661.Rv1699	Bacteria	1TP34@1239,2482E@186801,42JIH@68298,COG0504@1,COG0504@2	NA|NA|NA	F	Catalyzes the ATP-dependent amination of UTP to CTP with either L-glutamine or ammonia as the source of nitrogen. Regulates intracellular CTP levels through interactions with the four ribonucleotide triphosphates
NODE_2594_length_15000_cov_6.227032	1304885.AUEY01000045_gene244	8.7e-158	567.0	Desulfobacterales	crtI		1.3.99.23,5.2.1.13	ko:K09516,ko:K09835	ko00830,ko00906,ko01100,ko01110,map00830,map00906,map01100,map01110	M00097	R07163,R07512	RC01835,RC01960	ko00000,ko00001,ko00002,ko01000				Bacteria	1MV2R@1224,2MKRK@213118,2WJ2I@28221,42NXM@68525,COG1233@1,COG1233@2	NA|NA|NA	Q	Flavin containing amine oxidoreductase
NODE_2611_length_14929_cov_6.606024	768704.Desmer_1536	0.0	1499.2	Peptococcaceae	fdoG		1.17.1.9	ko:K00123	ko00630,ko00680,ko01100,ko01120,ko01200,map00630,map00680,map01100,map01120,map01200		R00519	RC02796	ko00000,ko00001,ko01000				Bacteria	1TQIX@1239,24B1X@186801,260BI@186807,COG0243@1,COG0243@2,COG3383@1,COG3383@2	NA|NA|NA	C	Belongs to the prokaryotic molybdopterin-containing oxidoreductase family
NODE_2644_length_14747_cov_5.911244	720554.Clocl_1698	0.0	1494.2	Ruminococcaceae			3.1.21.3	ko:K01153					ko00000,ko01000,ko02048				Bacteria	1TP7S@1239,248A6@186801,3WGWH@541000,COG0610@1,COG0610@2	NA|NA|NA	L	Subunit R is required for both nuclease and ATPase activities, but not for modification
NODE_2667_length_14624_cov_6.977143	335541.Swol_2384	1.1e-258	902.1	Syntrophomonadaceae	atpA	GO:0003674,GO:0003824,GO:0005215,GO:0005575,GO:0005618,GO:0005622,GO:0005623,GO:0005886,GO:0006139,GO:0006163,GO:0006164,GO:0006725,GO:0006753,GO:0006754,GO:0006793,GO:0006796,GO:0006807,GO:0006810,GO:0006811,GO:0006812,GO:0008150,GO:0008152,GO:0008324,GO:0009058,GO:0009117,GO:0009123,GO:0009124,GO:0009126,GO:0009127,GO:0009141,GO:0009142,GO:0009144,GO:0009145,GO:0009150,GO:0009152,GO:0009156,GO:0009161,GO:0009165,GO:0009167,GO:0009168,GO:0009199,GO:0009201,GO:0009205,GO:0009206,GO:0009259,GO:0009260,GO:0009987,GO:0015075,GO:0015077,GO:0015078,GO:0015318,GO:0015399,GO:0015405,GO:0015672,GO:0015985,GO:0015986,GO:0016020,GO:0016462,GO:0016469,GO:0016787,GO:0016817,GO:0016818,GO:0016887,GO:0017111,GO:0017144,GO:0018130,GO:0019438,GO:0019637,GO:0019693,GO:0019829,GO:0022804,GO:0022853,GO:0022857,GO:0022890,GO:0030312,GO:0032991,GO:0033178,GO:0034220,GO:0034641,GO:0034654,GO:0040007,GO:0042623,GO:0042625,GO:0042626,GO:0043492,GO:0044237,GO:0044238,GO:0044249,GO:0044271,GO:0044281,GO:0044424,GO:0044425,GO:0044459,GO:0044464,GO:0044769,GO:0045259,GO:0045260,GO:0045261,GO:0045262,GO:0046034,GO:0046390,GO:0046483,GO:0046933,GO:0051179,GO:0051234,GO:0055085,GO:0055086,GO:0071704,GO:0071944,GO:0072521,GO:0072522,GO:0090407,GO:0090662,GO:0098655,GO:0098660,GO:0098662,GO:0098796,GO:0098797,GO:0099131,GO:0099132,GO:1901135,GO:1901137,GO:1901293,GO:1901360,GO:1901362,GO:1901564,GO:1901566,GO:1901576,GO:1902600	3.6.3.14	ko:K02111	ko00190,ko00195,ko01100,map00190,map00195,map01100	M00157			ko00000,ko00001,ko00002,ko00194,ko01000	3.A.2.1		iIT341.HP1134,iSB619.SA_RS10975,iSbBS512_1146.SbBS512_E4187	Bacteria	1TNZ8@1239,248IY@186801,42KGF@68298,COG0056@1,COG0056@2	NA|NA|NA	F	Produces ATP from ADP in the presence of a proton gradient across the membrane. The alpha chain is a regulatory subunit
NODE_2857_length_13720_cov_5.673180	335541.Swol_0184	7.7e-177	630.2	Syntrophomonadaceae	mnaA		5.1.3.14	ko:K01791	ko00520,ko01100,ko05111,map00520,map01100,map05111	M00362	R00420	RC00290	ko00000,ko00001,ko00002,ko01000,ko01005				Bacteria	1TQZT@1239,247N7@186801,42KCW@68298,COG0381@1,COG0381@2	NA|NA|NA	M	Belongs to the UDP-N-acetylglucosamine 2-epimerase family
NODE_2969_length_13298_cov_6.168542	643648.Slip_1986	1.6e-166	595.9	Syntrophomonadaceae			1.3.8.7	ko:K00249	ko00071,ko00280,ko00410,ko00640,ko01100,ko01110,ko01130,ko01200,ko01212,ko03320,map00071,map00280,map00410,map00640,map01100,map01110,map01130,map01200,map01212,map03320	M00013,M00036,M00087	R00924,R01175,R01279,R02661,R03172,R03777,R03857,R03990,R04095,R04432,R04751,R04754	RC00052,RC00068,RC00076,RC00095,RC00148,RC00246	ko00000,ko00001,ko00002,ko01000				Bacteria	1TP57@1239,247UB@186801,42K9H@68298,COG1960@1,COG1960@2	NA|NA|NA	C	PFAM acyl-CoA dehydrogenase domain protein
NODE_2977_length_13267_cov_3.633288	767817.Desgi_3530	0.0	1169.5	Peptococcaceae			2.7.7.7	ko:K02342	ko00230,ko00240,ko01100,ko03030,ko03430,ko03440,map00230,map00240,map01100,map03030,map03430,map03440	M00260	R00375,R00376,R00377,R00378	RC02795	ko00000,ko00001,ko00002,ko01000,ko03032,ko03400				Bacteria	1TQ0S@1239,24Y6H@186801,267AY@186807,COG3437@1,COG3437@2,COG5000@1,COG5000@2	NA|NA|NA	T	diguanylate cyclase (GGDEF) domain
NODE_3162_length_12628_cov_5.821840	335541.Swol_0869	1e-284	988.4	Syntrophomonadaceae	flhA			ko:K02400	ko02040,map02040				ko00000,ko00001,ko02035,ko02044	3.A.6.2,3.A.6.3			Bacteria	1TQBM@1239,248F5@186801,42JMN@68298,COG1298@1,COG1298@2	NA|NA|NA	N	Required for formation of the rod structure of the flagellar apparatus. Together with FliI and FliH, may constitute the export apparatus of flagellin
NODE_3170_length_12581_cov_4.408351	1211814.CAPG01000074_gene3457	8.8e-212	746.1	Bacillus													Bacteria	1TPU1@1239,1ZE32@1386,4HAXI@91061,COG4626@1,COG4626@2	NA|NA|NA	S	Terminase
NODE_3206_length_12458_cov_2.954043	401526.TcarDRAFT_0764	3e-172	614.8	Negativicutes				ko:K07133					ko00000				Bacteria	1TPFF@1239,4H3RV@909932,COG1373@1,COG1373@2	NA|NA|NA	S	Domain of unknown function (DUF4143)
NODE_3258_length_12327_cov_6.509289	335541.Swol_2133	7.6e-200	706.4	Syntrophomonadaceae				ko:K09989					ko00000				Bacteria	1TRU9@1239,248YM@186801,42KHR@68298,COG3825@1,COG3825@2	NA|NA|NA	S	VWA domain containing CoxE-like protein
NODE_3267_length_12305_cov_4.840163	1089553.Tph_c02530	0.0	1626.7	Thermoanaerobacterales													Bacteria	1TSPA@1239,248CT@186801,42ERR@68295,COG1201@1,COG1201@2,COG1205@1,COG1205@2	NA|NA|NA	L	Domain of unknown function (DUF1998)
NODE_3578_length_11374_cov_6.373796	1485545.JQLW01000013_gene1794	5.8e-239	836.3	Proteobacteria	recB		3.6.4.12	ko:K16898					ko00000,ko01000,ko03400				Bacteria	1MUTF@1224,COG1074@1,COG1074@2	NA|NA|NA	L	A helicase nuclease that prepares dsDNA breaks (DSB) for recombinational DNA repair. Binds to DSBs and unwinds DNA via a highly rapid and processive ATP-dependent bidirectional helicase activity. Unwinds dsDNA until it encounters a Chi (crossover hotspot instigator) sequence from the 3' direction. Cuts ssDNA a few nucleotides 3' to the Chi site. The properties and activities of the enzyme are changed at Chi. The Chi-altered holoenzyme produces a long 3'-ssDNA overhang and facilitates RecA-binding to the ssDNA for homologous DNA recombination and repair. Holoenzyme degrades any linearized DNA that is unable to undergo homologous recombination. In the holoenzyme this subunit contributes ATPase, 3'-5' helicase, exonuclease activity and loads RecA onto ssDNA
NODE_3652_length_11167_cov_6.936735	1304284.L21TH_0062	7.6e-183	649.8	Clostridiaceae													Bacteria	1TT7S@1239,24EIJ@186801,36GQ1@31979,COG4733@1,COG4733@2	NA|NA|NA	S	ig-like, plexins, transcription factors
NODE_3671_length_11123_cov_3.557373	292459.STH652	1.4e-96	363.2	Clostridia				ko:K02015	ko02010,map02010	M00240			ko00000,ko00001,ko00002,ko02000	3.A.1.14			Bacteria	1TPX6@1239,248IS@186801,COG0609@1,COG0609@2	NA|NA|NA	P	Belongs to the binding-protein-dependent transport system permease family. FecCD subfamily
NODE_3856_length_10640_cov_6.485593	335541.Swol_2313	7.7e-193	682.9	Syntrophomonadaceae	secY	GO:0005575,GO:0005623,GO:0005886,GO:0016020,GO:0044464,GO:0071944		ko:K03076	ko02024,ko03060,ko03070,map02024,map03060,map03070	M00335			ko00000,ko00001,ko00002,ko02044	3.A.5			Bacteria	1TPHB@1239,248T9@186801,42JP8@68298,COG0201@1,COG0201@2	NA|NA|NA	U	The central subunit of the protein translocation channel SecYEG. Consists of two halves formed by TMs 1-5 and 6-10. These two domains form a lateral gate at the front which open onto the bilayer between TMs 2 and 7, and are clamped together by SecE at the back. The channel is closed by both a pore ring composed of hydrophobic SecY resides and a short helix (helix 2A) on the extracellular side of the membrane which forms a plug. The plug probably moves laterally to allow the channel to open. The ring and the pore may move independently
NODE_3939_length_10450_cov_6.190957	643648.Slip_1309	1.2e-262	914.8	Syntrophomonadaceae													Bacteria	1TQ9M@1239,24DDM@186801,42KGQ@68298,COG4640@1,COG4640@2	NA|NA|NA	S	DUF3160
NODE_3993_length_10331_cov_7.359478	768706.Desor_2970	3.1e-215	757.3	Peptococcaceae			1.2.1.3	ko:K00128	ko00010,ko00053,ko00071,ko00280,ko00310,ko00330,ko00340,ko00380,ko00410,ko00561,ko00620,ko00625,ko00903,ko00981,ko01100,ko01110,ko01120,ko01130,map00010,map00053,map00071,map00280,map00310,map00330,map00340,map00380,map00410,map00561,map00620,map00625,map00903,map00981,map01100,map01110,map01120,map01130	M00135	R00264,R00631,R00710,R00904,R01752,R01986,R02549,R02678,R02940,R02957,R03283,R03869,R04065,R04506,R04903,R05050,R05237,R05238,R05286,R06366,R08146	RC00047,RC00071,RC00080,RC00186,RC00218,RC00242,RC00816,RC01500	ko00000,ko00001,ko00002,ko01000				Bacteria	1TP4S@1239,247W7@186801,264A4@186807,COG1012@1,COG1012@2	NA|NA|NA	C	Aldehyde dehydrogenase family
NODE_3998_length_10322_cov_5.945456	335541.Swol_1064	0.0	1296.6	Syntrophomonadaceae	hppA		3.6.1.1	ko:K15987	ko00190,map00190				ko00000,ko00001,ko01000	3.A.10.1			Bacteria	1TNZI@1239,248KS@186801,42KGX@68298,COG3808@1,COG3808@2	NA|NA|NA	C	Proton pump that utilizes the energy of pyrophosphate hydrolysis as the driving force for proton movement across the membrane. Generates a proton motive force
NODE_4086_length_10129_cov_4.181954	760568.Desku_0565	0.0	1236.1	Peptococcaceae				ko:K03546					ko00000,ko03400				Bacteria	1TQMJ@1239,249V8@186801,26249@186807,COG1119@1,COG1119@2	NA|NA|NA	P	ATPase activity
NODE_4133_length_10024_cov_6.246765	335541.Swol_1784	3.9e-231	810.1	Syntrophomonadaceae	guaA	GO:0003674,GO:0003824,GO:0003921,GO:0003922,GO:0005488,GO:0005515,GO:0005575,GO:0005618,GO:0005622,GO:0005623,GO:0005737,GO:0005829,GO:0006139,GO:0006163,GO:0006164,GO:0006177,GO:0006725,GO:0006753,GO:0006793,GO:0006796,GO:0006807,GO:0008150,GO:0008152,GO:0009058,GO:0009116,GO:0009117,GO:0009119,GO:0009123,GO:0009124,GO:0009126,GO:0009127,GO:0009150,GO:0009152,GO:0009156,GO:0009161,GO:0009163,GO:0009165,GO:0009167,GO:0009168,GO:0009259,GO:0009260,GO:0009987,GO:0016874,GO:0016879,GO:0016884,GO:0018130,GO:0019438,GO:0019637,GO:0019693,GO:0030312,GO:0034404,GO:0034641,GO:0034654,GO:0040007,GO:0042278,GO:0042451,GO:0042455,GO:0042802,GO:0044237,GO:0044238,GO:0044249,GO:0044271,GO:0044281,GO:0044283,GO:0044424,GO:0044444,GO:0044464,GO:0046037,GO:0046128,GO:0046129,GO:0046390,GO:0046483,GO:0055086,GO:0071704,GO:0071944,GO:0072521,GO:0072522,GO:0090407,GO:1901068,GO:1901070,GO:1901135,GO:1901137,GO:1901293,GO:1901360,GO:1901362,GO:1901564,GO:1901566,GO:1901576,GO:1901657,GO:1901659	6.3.5.2	ko:K01951	ko00230,ko00983,ko01100,map00230,map00983,map01100	M00050	R01230,R01231,R08244	RC00010,RC00204	ko00000,ko00001,ko00002,ko01000,ko01002			iJN746.PP_1032,iLJ478.TM1820,iSF_1195.SF2553,iSFxv_1172.SFxv_2808,iS_1188.S2725,iYL1228.KPN_02833	Bacteria	1TPG8@1239,2487F@186801,42JPM@68298,COG0518@1,COG0518@2,COG0519@1,COG0519@2	NA|NA|NA	F	Catalyzes the synthesis of GMP from XMP
NODE_4224_length_9841_cov_10.009606	1121428.DESHY_110496___1	5.9e-187	663.3	Peptococcaceae			2.7.7.49	ko:K00986					ko00000,ko01000				Bacteria	1TP9A@1239,248M4@186801,2607J@186807,COG3344@1,COG3344@2	NA|NA|NA	L	Similarity to COG3344 Retron-type reverse transcriptase(Evalue
NODE_4373_length_9552_cov_6.241023	768704.Desmer_0336	5.8e-224	786.2	Clostridia	alg8		2.4.1.33	ko:K19290	ko00051,map00051		R08692	RC00005	ko00000,ko00001,ko01000,ko01003,ko02000	4.D.1.1.7,4.D.1.1.9	GT2		Bacteria	1UY7X@1239,24XE1@186801,COG1215@1,COG1215@2,COG1216@1,COG1216@2	NA|NA|NA	M	glycosyl transferase family 2
NODE_4459_length_9410_cov_10.193800	580327.Tthe_0932	0.0	2184.1	Thermoanaerobacterales													Bacteria	1TSPA@1239,248CT@186801,42ERR@68295,COG1201@1,COG1201@2,COG1205@1,COG1205@2	NA|NA|NA	L	Domain of unknown function (DUF1998)
NODE_4601_length_9157_cov_4.583938	335541.Swol_0176	0.0	1234.2	Syntrophomonadaceae	czcA			ko:K03296					ko00000	2.A.6.2			Bacteria	1TQ03@1239,2491S@186801,42JRM@68298,COG0841@1,COG0841@2	NA|NA|NA	V	Belongs to the resistance-nodulation-cell division (RND) (TC 2.A.6) family
NODE_4671_length_9027_cov_6.802942	335541.Swol_2273	0.0	1285.8	Syntrophomonadaceae	nrdD		1.1.98.6	ko:K21636	ko00230,ko00240,ko01100,map00230,map00240,map01100	M00053	R11633,R11634,R11635,R11636	RC00613	ko00000,ko00001,ko00002,ko01000				Bacteria	1TR9K@1239,247WF@186801,42JVB@68298,COG1328@1,COG1328@2	NA|NA|NA	F	Anaerobic ribonucleoside-triphosphate reductase
NODE_4752_length_8907_cov_6.519995	335541.Swol_2518	2.5e-310	1073.2	Clostridia				ko:K07012					ko00000,ko01000,ko02048				Bacteria	1V01T@1239,24E67@186801,COG1203@1,COG1203@2	NA|NA|NA	L	CRISPR-associated helicase, Cas3
NODE_4758_length_8894_cov_7.303202	335541.Swol_0030	7.6e-186	659.4	Syntrophomonadaceae	dnaX	GO:0003674,GO:0003824,GO:0005488,GO:0005515,GO:0005575,GO:0005622,GO:0005623,GO:0006139,GO:0006259,GO:0006260,GO:0006261,GO:0006725,GO:0006807,GO:0008150,GO:0008152,GO:0009058,GO:0009059,GO:0009360,GO:0009987,GO:0016462,GO:0016787,GO:0016817,GO:0016818,GO:0016887,GO:0017111,GO:0030234,GO:0030337,GO:0032991,GO:0034641,GO:0034645,GO:0040007,GO:0042575,GO:0042802,GO:0043170,GO:0043846,GO:0044237,GO:0044238,GO:0044249,GO:0044260,GO:0044424,GO:0044464,GO:0046483,GO:0050790,GO:0061695,GO:0065007,GO:0065009,GO:0071704,GO:0090304,GO:0098772,GO:1901360,GO:1901576,GO:1902494,GO:1990234	2.7.7.7,6.1.1.17	ko:K01885,ko:K02341,ko:K02343	ko00230,ko00240,ko00860,ko00970,ko01100,ko01110,ko01120,ko03030,ko03430,ko03440,map00230,map00240,map00860,map00970,map01100,map01110,map01120,map03030,map03430,map03440	M00121,M00260,M00359,M00360	R00375,R00376,R00377,R00378,R05578	RC00055,RC00523,RC02795	ko00000,ko00001,ko00002,ko01000,ko01007,ko02048,ko03016,ko03032,ko03400				Bacteria	1TPS9@1239,247J7@186801,42JK4@68298,COG2812@1,COG2812@2	NA|NA|NA	L	DNA polymerase III is a complex, multichain enzyme responsible for most of the replicative synthesis in bacteria. This DNA polymerase also exhibits 3' to 5' exonuclease activity
NODE_5069_length_8446_cov_6.237516	138119.DSY1163	1.6e-137	498.8	Peptococcaceae	MA20_01270			ko:K13653					ko00000,ko03000				Bacteria	1TPI9@1239,2496K@186801,264P8@186807,COG2207@1,COG2207@2,COG3708@1,COG3708@2	NA|NA|NA	K	Bacterial transcription activator, effector binding domain
NODE_5160_length_8309_cov_3.795130	632292.Calhy_0897	1.3e-49	206.8	Thermoanaerobacterales	pilT			ko:K02652,ko:K02669					ko00000,ko02035,ko02044	3.A.15.2			Bacteria	1TQ5F@1239,249H9@186801,42F4T@68295,COG2805@1,COG2805@2	NA|NA|NA	NU	PFAM Type II secretion system protein E
NODE_5173_length_8298_cov_10.055198	335541.Swol_2341	0.0	1916.7	Syntrophomonadaceae	rpoB	GO:0000428,GO:0005575,GO:0005622,GO:0005623,GO:0030880,GO:0032991,GO:0044424,GO:0044464,GO:0061695,GO:1902494,GO:1990234	2.7.7.6	ko:K03043	ko00230,ko00240,ko01100,ko03020,map00230,map00240,map01100,map03020	M00183	R00435,R00441,R00442,R00443	RC02795	br01611,ko00000,ko00001,ko00002,ko01000,ko03021,ko03400				Bacteria	1TP96@1239,247J1@186801,42JNR@68298,COG0085@1,COG0085@2	NA|NA|NA	K	DNA-dependent RNA polymerase catalyzes the transcription of DNA into RNA using the four ribonucleoside triphosphates as substrates
NODE_5342_length_8019_cov_5.590532	335541.Swol_1509	1.8e-141	511.9	Syntrophomonadaceae	dgt	GO:0003674,GO:0003824,GO:0006139,GO:0006163,GO:0006195,GO:0006203,GO:0006725,GO:0006753,GO:0006793,GO:0006796,GO:0006807,GO:0008150,GO:0008152,GO:0008832,GO:0009056,GO:0009058,GO:0009117,GO:0009141,GO:0009143,GO:0009144,GO:0009146,GO:0009151,GO:0009155,GO:0009166,GO:0009200,GO:0009204,GO:0009215,GO:0009217,GO:0009262,GO:0009264,GO:0009394,GO:0009987,GO:0016787,GO:0016788,GO:0016793,GO:0018130,GO:0019438,GO:0019439,GO:0019637,GO:0019692,GO:0034404,GO:0034641,GO:0034654,GO:0034655,GO:0042578,GO:0044237,GO:0044238,GO:0044248,GO:0044249,GO:0044270,GO:0044271,GO:0044281,GO:0044283,GO:0046070,GO:0046386,GO:0046434,GO:0046483,GO:0046700,GO:0055086,GO:0071704,GO:0072521,GO:0072523,GO:1901135,GO:1901136,GO:1901292,GO:1901360,GO:1901361,GO:1901362,GO:1901564,GO:1901565,GO:1901575,GO:1901576	3.1.5.1	ko:K01129	ko00230,map00230		R01856	RC00017	ko00000,ko00001,ko01000				Bacteria	1TPEI@1239,247Q1@186801,42JJP@68298,COG0232@1,COG0232@2	NA|NA|NA	F	PFAM metal-dependent phosphohydrolase HD sub domain
NODE_5409_length_7936_cov_6.830225	865861.AZSU01000006_gene1379	3.2e-252	879.8	Clostridiaceae				ko:K03529,ko:K17580					ko00000,ko01009,ko03036				Bacteria	1TR05@1239,24BXV@186801,36HFE@31979,COG1196@1,COG1196@2	NA|NA|NA	D	nuclear chromosome segregation
NODE_5448_length_7890_cov_6.783025	335541.Swol_1607	3.6e-179	637.1	Syntrophomonadaceae	proA	GO:0003674,GO:0003824,GO:0004350,GO:0008150,GO:0008152,GO:0016491,GO:0016620,GO:0016903,GO:0055114	1.2.1.41	ko:K00147	ko00330,ko00332,ko01100,ko01110,ko01130,ko01230,map00330,map00332,map01100,map01110,map01130,map01230	M00015	R03313	RC00684	ko00000,ko00001,ko00002,ko01000			iLJ478.TM0293	Bacteria	1TQ9V@1239,248NX@186801,42JS3@68298,COG0014@1,COG0014@2	NA|NA|NA	H	Catalyzes the NADPH-dependent reduction of L-glutamate 5-phosphate into L-glutamate 5-semialdehyde and phosphate. The product spontaneously undergoes cyclization to form 1-pyrroline-5- carboxylate
NODE_5496_length_7821_cov_7.463817	349161.Dred_0794	7.4e-201	709.1	Clostridia													Bacteria	1TPVQ@1239,24AAP@186801,COG0433@1,COG0433@2	NA|NA|NA	S	Psort location Cytoplasmic, score 8.87
NODE_5762_length_7475_cov_6.662938	767817.Desgi_3847	0.0	1384.8	Peptococcaceae			1.17.1.10	ko:K05299	ko00680,ko00720,ko01100,ko01120,ko01200,map00680,map00720,map01100,map01120,map01200	M00377	R00134	RC02796	ko00000,ko00001,ko00002,ko01000				Bacteria	1UI1F@1239,25EAG@186801,260KC@186807,COG3383@1,COG3383@2	NA|NA|NA	C	TIGRFAM formate dehydrogenase, alpha subunit
NODE_5764_length_7473_cov_5.876786	335541.Swol_2017	0.0	1104.4	Syntrophomonadaceae	polA	GO:0003674,GO:0003824,GO:0003887,GO:0004518,GO:0004527,GO:0005575,GO:0005618,GO:0005622,GO:0005623,GO:0005737,GO:0005886,GO:0006139,GO:0006259,GO:0006260,GO:0006261,GO:0006281,GO:0006725,GO:0006807,GO:0006950,GO:0006974,GO:0008150,GO:0008152,GO:0008409,GO:0009058,GO:0009059,GO:0009987,GO:0016020,GO:0016740,GO:0016772,GO:0016779,GO:0016787,GO:0016788,GO:0018130,GO:0019438,GO:0030312,GO:0033554,GO:0034061,GO:0034641,GO:0034645,GO:0034654,GO:0040007,GO:0043170,GO:0044237,GO:0044238,GO:0044249,GO:0044260,GO:0044271,GO:0044424,GO:0044464,GO:0046483,GO:0050896,GO:0051716,GO:0071704,GO:0071897,GO:0071944,GO:0090304,GO:0090305,GO:0140097,GO:1901360,GO:1901362,GO:1901576	2.7.7.7	ko:K02335	ko00230,ko00240,ko01100,ko03030,ko03410,ko03420,ko03440,map00230,map00240,map01100,map03030,map03410,map03420,map03440		R00375,R00376,R00377,R00378	RC02795	ko00000,ko00001,ko01000,ko03032,ko03400				Bacteria	1TPKJ@1239,248NG@186801,42JQ7@68298,COG0258@1,COG0258@2,COG0749@1,COG0749@2	NA|NA|NA	L	In addition to polymerase activity, this DNA polymerase exhibits 5'-3' exonuclease activity
NODE_5886_length_7321_cov_4.676713	768706.Desor_3172	0.0	1260.0	Peptococcaceae			1.17.1.9	ko:K00122	ko00630,ko00680,ko01100,ko01120,ko01200,map00630,map00680,map01100,map01120,map01200		R00519	RC02796	ko00000,ko00001,ko01000				Bacteria	1VT07@1239,24Y7B@186801,263YC@186807,COG0243@1,COG0243@2	NA|NA|NA	C	Belongs to the prokaryotic molybdopterin-containing oxidoreductase family
NODE_6035_length_7133_cov_4.432608	555079.Toce_0524	9.9e-128	466.1	Thermoanaerobacterales	csm1	GO:0005575,GO:0005576,GO:0005623,GO:0005886,GO:0016020,GO:0044464,GO:0071944		ko:K07016					ko00000,ko02048				Bacteria	1TRW5@1239,24BI3@186801,42FFD@68295,COG1353@1,COG1353@2	NA|NA|NA	S	CRISPR-associated protein, Csm1 family
NODE_6098_length_7073_cov_7.331148	1128398.Curi_c21530	1.4e-153	552.0	Clostridia	celH												Bacteria	1U8S3@1239,24C93@186801,COG4124@1,COG4124@2	NA|NA|NA	G	Glycosyl hydrolase family 26
NODE_6369_length_6783_cov_7.250743	335541.Swol_2340	0.0	1948.7	Syntrophomonadaceae	rpoC	GO:0000428,GO:0005575,GO:0005622,GO:0005623,GO:0030880,GO:0032991,GO:0044424,GO:0044464,GO:0061695,GO:1902494,GO:1990234	2.7.7.6	ko:K03046	ko00230,ko00240,ko01100,ko03020,map00230,map00240,map01100,map03020	M00183	R00435,R00441,R00442,R00443	RC02795	br01611,ko00000,ko00001,ko00002,ko01000,ko03021,ko03400				Bacteria	1TNYT@1239,24925@186801,42JK5@68298,COG0086@1,COG0086@2	NA|NA|NA	K	DNA-dependent RNA polymerase catalyzes the transcription of DNA into RNA using the four ribonucleoside triphosphates as substrates
NODE_6458_length_6691_cov_7.163201	439235.Dalk_3591	5.7e-234	818.9	Desulfobacterales			1.3.8.7	ko:K00249	ko00071,ko00280,ko00410,ko00640,ko01100,ko01110,ko01130,ko01200,ko01212,ko03320,map00071,map00280,map00410,map00640,map01100,map01110,map01130,map01200,map01212,map03320	M00013,M00036,M00087	R00924,R01175,R01279,R02661,R03172,R03777,R03857,R03990,R04095,R04432,R04751,R04754	RC00052,RC00068,RC00076,RC00095,RC00148,RC00246	ko00000,ko00001,ko00002,ko01000				Bacteria	1R15B@1224,2MI3E@213118,2WJ8T@28221,42MUT@68525,COG1960@1,COG1960@2	NA|NA|NA	C	acyl-CoA dehydrogenase
NODE_6502_length_6646_cov_6.090730	138119.DSY4721	4.1e-200	706.4	Peptococcaceae	acd		1.3.8.7	ko:K00249	ko00071,ko00280,ko00410,ko00640,ko01100,ko01110,ko01130,ko01200,ko01212,ko03320,map00071,map00280,map00410,map00640,map01100,map01110,map01130,map01200,map01212,map03320	M00013,M00036,M00087	R00924,R01175,R01279,R02661,R03172,R03777,R03857,R03990,R04095,R04432,R04751,R04754	RC00052,RC00068,RC00076,RC00095,RC00148,RC00246	ko00000,ko00001,ko00002,ko01000				Bacteria	1V0Q9@1239,24FPU@186801,2644K@186807,COG1960@1,COG1960@2	NA|NA|NA	C	Acyl-CoA dehydrogenase N terminal
NODE_6626_length_6512_cov_9.350008	1226325.HMPREF1548_03494	1.3e-174	621.7	Clostridiaceae													Bacteria	1TNY9@1239,24B59@186801,36GVS@31979,COG4584@1,COG4584@2	NA|NA|NA	L	Integrase core domain
NODE_7048_length_6100_cov_5.216046	1042163.BRLA_c014140	9e-61	243.4	Paenibacillaceae	MA20_16695		2.5.1.16	ko:K00797	ko00270,ko00330,ko00410,ko00480,ko01100,map00270,map00330,map00410,map00480,map01100	M00034,M00133	R01920,R02869,R08359	RC00021,RC00053	ko00000,ko00001,ko00002,ko01000				Bacteria	1V555@1239,26WGU@186822,4HI5Z@91061,COG4262@1,COG4262@2	NA|NA|NA	S	Spermine/spermidine synthase domain
NODE_7626_length_5606_cov_2.138353	865861.AZSU01000002_gene2738	7.1e-113	416.4	Clostridiaceae	alsB	GO:0003674,GO:0005215,GO:0005488,GO:0005575,GO:0005623,GO:0005886,GO:0006810,GO:0008150,GO:0008643,GO:0015144,GO:0015145,GO:0015749,GO:0016020,GO:0016021,GO:0022857,GO:0030246,GO:0030288,GO:0030313,GO:0031224,GO:0031975,GO:0034219,GO:0036094,GO:0042597,GO:0044425,GO:0044464,GO:0048029,GO:0051119,GO:0051179,GO:0051234,GO:0055085,GO:0071702,GO:0071944		ko:K10549	ko02010,map02010	M00217			ko00000,ko00001,ko00002,ko02000	3.A.1.2.6		iECIAI39_1322.ECIAI39_4512,iECSF_1327.ECSF_3969,iNRG857_1313.NRG857_20510,iUMN146_1321.UM146_20675	Bacteria	1TQ1B@1239,247K8@186801,36K99@31979,COG1879@1,COG1879@2	NA|NA|NA	G	Periplasmic binding proteins and sugar binding domain of LacI family
NODE_7665_length_5577_cov_5.212604	477974.Daud_0028	3.1e-185	656.8	Peptococcaceae	btrR												Bacteria	1TPDH@1239,24G9G@186801,264B5@186807,COG0399@1,COG0399@2	NA|NA|NA	M	Belongs to the DegT DnrJ EryC1 family
NODE_7872_length_5409_cov_5.287449	335541.Swol_1442	0.0	1141.3	Syntrophomonadaceae	metH		2.1.1.13	ko:K00548	ko00270,ko00450,ko00670,ko01100,ko01110,ko01230,map00270,map00450,map00670,map01100,map01110,map01230	M00017	R00946,R09365	RC00035,RC00113,RC01241	ko00000,ko00001,ko00002,ko01000				Bacteria	1TPYV@1239,248JB@186801,42K1W@68298,COG0646@1,COG0646@2,COG1410@1,COG1410@2	NA|NA|NA	H	B12 binding domain
NODE_8356_length_5079_cov_6.744228	555079.Toce_0594	3.4e-146	526.9	Thermoanaerobacterales	deoB	GO:0003674,GO:0003824,GO:0005575,GO:0005622,GO:0005623,GO:0005737,GO:0005829,GO:0006139,GO:0006725,GO:0006753,GO:0006793,GO:0006796,GO:0006807,GO:0006950,GO:0006974,GO:0008150,GO:0008152,GO:0008973,GO:0009056,GO:0009058,GO:0009117,GO:0009166,GO:0009262,GO:0009264,GO:0009987,GO:0016853,GO:0016866,GO:0016868,GO:0018130,GO:0019438,GO:0019439,GO:0019637,GO:0033554,GO:0034404,GO:0034641,GO:0034654,GO:0034655,GO:0044237,GO:0044238,GO:0044248,GO:0044249,GO:0044270,GO:0044271,GO:0044281,GO:0044283,GO:0044424,GO:0044444,GO:0044464,GO:0046434,GO:0046483,GO:0046700,GO:0050896,GO:0051716,GO:0055086,GO:0071704,GO:1901135,GO:1901136,GO:1901292,GO:1901360,GO:1901361,GO:1901362,GO:1901575,GO:1901576	5.4.2.7	ko:K01839	ko00030,ko00230,map00030,map00230		R01057,R02749	RC00408	ko00000,ko00001,ko01000			iLF82_1304.LF82_0465,iNRG857_1313.NRG857_22165	Bacteria	1TP70@1239,247WB@186801,42F24@68295,COG1015@1,COG1015@2	NA|NA|NA	G	Phosphotransfer between the C1 and C5 carbon atoms of pentose
NODE_8386_length_5061_cov_6.593288	643648.Slip_0726	6.9e-99	369.8	Syntrophomonadaceae	flgG	GO:0001539,GO:0005575,GO:0005623,GO:0006928,GO:0008150,GO:0009279,GO:0009288,GO:0009424,GO:0009425,GO:0009987,GO:0016020,GO:0019867,GO:0030312,GO:0030313,GO:0031975,GO:0040011,GO:0042995,GO:0043226,GO:0043228,GO:0044422,GO:0044461,GO:0044462,GO:0044463,GO:0044464,GO:0048870,GO:0051179,GO:0051674,GO:0071944,GO:0071973,GO:0071978,GO:0097588		ko:K02392	ko02040,map02040				ko00000,ko00001,ko02035				Bacteria	1TT5Z@1239,248M9@186801,42JZ2@68298,COG4786@1,COG4786@2	NA|NA|NA	N	Flagellar basal body rod FlgEFG protein C-terminal
NODE_8409_length_5036_cov_6.257579	335541.Swol_0116	6.2e-225	788.5	Syntrophomonadaceae	lysS	GO:0005575,GO:0005622,GO:0005623,GO:0005737,GO:0044424,GO:0044464	6.1.1.6	ko:K04567	ko00970,map00970	M00359,M00360	R03658	RC00055,RC00523	ko00000,ko00001,ko00002,ko01000,ko01007,ko03016				Bacteria	1TP2P@1239,247VX@186801,42JNX@68298,COG1190@1,COG1190@2	NA|NA|NA	J	Belongs to the class-II aminoacyl-tRNA synthetase family
NODE_8459_length_5009_cov_4.887566	1123252.ATZF01000007_gene246	3.2e-64	254.6	Thermoactinomycetaceae				ko:K03733,ko:K04763					ko00000,ko03036				Bacteria	1TSHQ@1239,27C9F@186824,4HG9P@91061,COG4974@1,COG4974@2	NA|NA|NA	L	Phage integrase family
NODE_9200_length_4536_cov_11.594064	324057.Pjdr2_1888	5.1e-37	164.1	Paenibacillaceae	xylB		2.7.1.12,2.7.1.17,2.7.1.5	ko:K00848,ko:K00851,ko:K00854,ko:K03791	ko00030,ko00040,ko00051,ko01100,ko01110,ko01120,ko01130,ko01200,map00030,map00040,map00051,map01100,map01110,map01120,map01130,map01200	M00014	R01639,R01737,R01902,R03014	RC00002,RC00017,RC00538	ko00000,ko00001,ko00002,ko01000		GH19		Bacteria	1TQ1I@1239,2721M@186822,4HU3R@91061,COG1070@1,COG1070@2	NA|NA|NA	G	FGGY family of carbohydrate kinases, C-terminal domain
NODE_9378_length_4428_cov_7.691973	498761.HM1_1642	6.1e-152	545.8	Clostridia	yhdR		2.6.1.1	ko:K11358	ko00220,ko00250,ko00270,ko00330,ko00350,ko00360,ko00400,ko00401,ko00950,ko00960,ko01100,ko01110,ko01130,ko01210,ko01230,map00220,map00250,map00270,map00330,map00350,map00360,map00400,map00401,map00950,map00960,map01100,map01110,map01130,map01210,map01230		R00355,R00694,R00734,R00896,R02433,R02619,R05052	RC00006	ko00000,ko00001,ko01000,ko01007				Bacteria	1TP36@1239,248ZV@186801,COG0436@1,COG0436@2	NA|NA|NA	E	Aminotransferase
NODE_9580_length_4309_cov_6.734838	1121468.AUBR01000006_gene338	9.1e-177	628.2	Thermoanaerobacterales													Bacteria	1TP9A@1239,248M4@186801,42EZK@68295,COG3344@1,COG3344@2	NA|NA|NA	L	PFAM RNA-directed DNA polymerase (Reverse transcriptase)
NODE_9671_length_4260_cov_7.030440	926560.KE387023_gene2373	1.5e-134	488.0	Deinococcus-Thermus			5.4.3.8	ko:K01845	ko00860,ko01100,ko01110,ko01120,map00860,map01100,map01110,map01120	M00121	R02272	RC00677	ko00000,ko00001,ko00002,ko01000,ko01007				Bacteria	1WM90@1297,COG0001@1,COG0001@2	NA|NA|NA	H	Aminotransferase class-III
NODE_9811_length_4182_cov_6.642355	768710.DesyoDRAFT_1807	1.5e-70	275.4	Clostridia													Bacteria	1V2VJ@1239,24G9N@186801,28MIG@1,2ZAV8@2	NA|NA|NA	S	EcsC protein family
NODE_9927_length_4121_cov_6.253320	871963.Desdi_3283	9.2e-126	458.8	Peptococcaceae				ko:K03406	ko02020,ko02030,map02020,map02030				ko00000,ko00001,ko02035				Bacteria	1TP5A@1239,247S3@186801,260MH@186807,COG0840@1,COG0840@2	NA|NA|NA	NT	Methyl-accepting chemotaxis protein (MCP) signaling domain
NODE_10606_length_3791_cov_4.156049	457415.HMPREF1006_02095	3.2e-133	483.4	Synergistetes	nqrF												Bacteria	3TAST@508458,COG3894@1,COG3894@2	NA|NA|NA	C	2Fe-2S iron-sulfur cluster binding domain
NODE_11391_length_3463_cov_4.673709	398512.JQKC01000004_gene5172	4.6e-211	741.9	Ruminococcaceae	oadA		2.1.3.1,4.1.1.3,6.4.1.1,6.4.1.7	ko:K01571,ko:K01960,ko:K03416,ko:K20140	ko00020,ko00620,ko00640,ko00720,ko01100,ko01120,ko01200,ko01230,map00020,map00620,map00640,map00720,map01100,map01120,map01200,map01230	M00173,M00620	R00217,R00344,R00353,R00930	RC00040,RC00097,RC00367	ko00000,ko00001,ko00002,ko01000,ko02000	3.B.1.1.1		iJN746.PP_5346,iLJ478.TM0128	Bacteria	1VT8P@1239,247NZ@186801,3WH2N@541000,COG5016@1,COG5016@2	NA|NA|NA	C	Pyruvate carboxylase, C-terminal domain subunit K01960
NODE_11413_length_3455_cov_2.654412	1318628.MARLIPOL_02240	1.9e-76	294.7	Alteromonadaceae	alkK			ko:K00666					ko00000,ko01000,ko01004				Bacteria	1MUMC@1224,1RMGS@1236,46625@72275,COG0318@1,COG0318@2	NA|NA|NA	IQ	COG0318 Acyl-CoA synthetases (AMP-forming) AMP-acid ligases II
NODE_11478_length_3432_cov_7.635179	479434.Sthe_2827	0.0	1155.6	Thermomicrobia													Bacteria	27YCX@189775,2GBR1@200795,COG1483@1,COG1483@2	NA|NA|NA	S	Protein of unknown function (DUF499)
NODE_11962_length_3247_cov_4.630013	335541.Swol_1048	1.1e-158	567.8	Clostridia	pflB		2.3.1.54	ko:K00656	ko00620,ko00640,ko00650,ko01100,ko01120,map00620,map00640,map00650,map01100,map01120		R00212,R06987	RC00004,RC01181,RC02742,RC02833	ko00000,ko00001,ko01000				Bacteria	1TPTF@1239,247YY@186801,COG1882@1,COG1882@2	NA|NA|NA	C	Glycine radical
NODE_12466_length_3078_cov_7.738009	335541.Swol_1435	3.2e-107	396.7	Syntrophomonadaceae	yebC	GO:0005575,GO:0005622,GO:0005623,GO:0005737,GO:0005829,GO:0044424,GO:0044444,GO:0044464											Bacteria	1TPP5@1239,247NK@186801,42JR2@68298,COG0217@1,COG0217@2	NA|NA|NA	K	transcriptional regulatory protein
NODE_13833_length_2668_cov_2.524302	1089548.KI783301_gene2867	1.6e-155	557.0	Bacillales incertae sedis	hisD	GO:0000105,GO:0003674,GO:0003824,GO:0004399,GO:0005575,GO:0005622,GO:0005623,GO:0005737,GO:0005829,GO:0006082,GO:0006520,GO:0006547,GO:0006725,GO:0006807,GO:0008150,GO:0008152,GO:0008652,GO:0009058,GO:0009987,GO:0016053,GO:0016491,GO:0016614,GO:0016616,GO:0018130,GO:0019438,GO:0019752,GO:0034641,GO:0043436,GO:0044237,GO:0044238,GO:0044249,GO:0044281,GO:0044283,GO:0044424,GO:0044444,GO:0044464,GO:0046394,GO:0046483,GO:0052803,GO:0055114,GO:0071704,GO:1901360,GO:1901362,GO:1901564,GO:1901566,GO:1901576,GO:1901605,GO:1901607	1.1.1.23,1.1.1.308	ko:K00013,ko:K15509	ko00340,ko01100,ko01110,ko01230,map00340,map01100,map01110,map01230	M00026	R01158,R01163,R03012	RC00099,RC00242,RC00463	ko00000,ko00001,ko00002,ko01000				Bacteria	1TPAW@1239,3WF9R@539002,4H9XK@91061,COG0141@1,COG0141@2	NA|NA|NA	E	Catalyzes the sequential NAD-dependent oxidations of L- histidinol to L-histidinaldehyde and then to L-histidine
NODE_14747_length_2438_cov_5.074276	335541.Swol_1059	3.1e-113	416.4	Clostridia	glnQ			ko:K17074,ko:K17076	ko02010,map02010	M00589			ko00000,ko00001,ko00002,ko01000,ko02000	3.A.1.3.20			Bacteria	1TNYD@1239,247QZ@186801,COG1126@1,COG1126@2	NA|NA|NA	E	abc transporter atp-binding protein
NODE_17035_length_1985_cov_5.396891	335541.Swol_1599	1.9e-225	788.9	Syntrophomonadaceae	leuS	GO:0003674,GO:0003824,GO:0004812,GO:0004823,GO:0005575,GO:0005622,GO:0005623,GO:0005737,GO:0005829,GO:0006082,GO:0006139,GO:0006399,GO:0006412,GO:0006418,GO:0006429,GO:0006518,GO:0006520,GO:0006725,GO:0006807,GO:0008150,GO:0008152,GO:0009058,GO:0009059,GO:0009987,GO:0010467,GO:0016070,GO:0016874,GO:0016875,GO:0019538,GO:0019752,GO:0034641,GO:0034645,GO:0034660,GO:0043038,GO:0043039,GO:0043043,GO:0043170,GO:0043436,GO:0043603,GO:0043604,GO:0044237,GO:0044238,GO:0044249,GO:0044260,GO:0044267,GO:0044271,GO:0044281,GO:0044424,GO:0044444,GO:0044464,GO:0046483,GO:0071704,GO:0090304,GO:0140098,GO:0140101,GO:1901360,GO:1901564,GO:1901566,GO:1901576	6.1.1.4	ko:K01869	ko00970,map00970	M00359,M00360	R03657	RC00055,RC00523	ko00000,ko00001,ko00002,ko01000,ko01007,ko03016,ko03029			iAF987.Gmet_2300	Bacteria	1TP0Y@1239,2484Y@186801,42JIP@68298,COG0495@1,COG0495@2	NA|NA|NA	J	Belongs to the class-I aminoacyl-tRNA synthetase family
NODE_20354_length_1530_cov_5.161356	645512.GCWU000246_00772	1.8e-47	197.2	Bacteria				ko:K02051		M00188			ko00000,ko00002,ko02000	3.A.1.16,3.A.1.17			Bacteria	COG0715@1,COG0715@2	NA|NA|NA	P	thiamine-containing compound biosynthetic process
NODE_20960_length_1463_cov_2.691051	335541.Swol_1302	1.2e-141	510.0	Syntrophomonadaceae	thrC		4.2.3.1	ko:K01733	ko00260,ko00750,ko01100,ko01110,ko01120,ko01230,map00260,map00750,map01100,map01110,map01120,map01230	M00018	R01466,R05086	RC00017,RC00526	ko00000,ko00001,ko00002,ko01000			iHN637.CLJU_RS16355,iIT341.HP0098	Bacteria	1TPR0@1239,248YY@186801,42JKI@68298,COG0498@1,COG0498@2	NA|NA|NA	H	Threonine synthase N terminus
NODE_21100_length_1447_cov_2.094828	1449126.JQKL01000005_gene928	1.2e-99	370.5	unclassified Clostridiales													Bacteria	1TR0D@1239,24BE3@186801,26AIT@186813,COG0644@1,COG0644@2	NA|NA|NA	C	FAD dependent oxidoreductase
